{
  "single_latency_ms": 15.761099999508588,
  "single_hits": [
    {
      "doc_id": "cloud_016",
      "score": 0.0325,
      "title": "Điện toán đám mây: tự động mở rộng theo lưu lượng"
    },
    {
      "doc_id": "cloud_072",
      "score": 0.0323,
      "title": "Điện toán đám mây: tự động mở rộng theo lưu lượng"
    },
    {
      "doc_id": "cloud_053",
      "score": 0.0315,
      "title": "Điện toán đám mây: tự động mở rộng theo lưu lượng"
    }
  ],
  "results": {
    "keyword": {
      "p50": 1.883300003100885,
      "p95": 4.2608000003383495,
      "p99": 5.658000001858454
    },
    "semantic": {
      "p50": 8.90590000199154,
      "p95": 13.036699998338008,
      "p99": 16.23680000193417
    },
    "hybrid": {
      "p50": 12.191300000267802,
      "p95": 15.701799999078503,
      "p99": 22.168200001033256
    }
  },
  "hyb_p99": 22.168200001033256
}